Top queries,Clicks,Impressions,CTR,Position
meetsaver,3,10,30%,1.1
meet save,1,47,2.13%,4.32
meetsave,0,27,0%,11.89
save meet,0,12,0%,6.33
saver met,0,9,0%,7.67
save from meet,0,7,0%,8.86
messagesaver,0,6,0%,25.17
meet chat save,0,4,0%,5
google meet save chat,0,3,0%,10.67
meeting save,0,2,0%,9.5
how to save google meet chat,0,2,0%,10.5
textsave,0,2,0%,28.5
chat saver,0,1,0%,6
which ones are free,0,1,0%,7
message saver,0,1,0%,16
download google meet chat history,0,1,0%,19
how to save chat in google meet,0,1,0%,27
does google meet save chat history,0,1,0%,34
textsaver,0,1,0%,34
how do i save a chat,0,1,0%,67